<?xml version="1.0" encoding="utf-8"?>
<!DOCTYPE install SYSTEM "http://dev.joomla.org/xml/1.5/component-install.dtd">
<install method="upgrade" type="component" version="1.5.0">
	<name>PhocaSEF</name>
	<creationDate>17/03/2009</creationDate>
	<author>Jan Pavelka (www.phoca.cz)</author>
	<authorEmail>info@phoca.cz</authorEmail>
	<authorUrl>www.phoca.cz</authorUrl>
	<copyright>Jan Pavelka</copyright>
	<license>GNU/GPL</license>
	<!-- The version string is recorded in the components table -->
	<version>1.0.0</version>
	<!-- The description is optional and defaults to the name -->
	<description>Phoca SEF</description>

	<!-- Install Database Section -->
	<install>
		<sql>
			<file driver="mysql" charset="utf8">install.sql</file>
		</sql>
	</install>

	<!-- Uninstall Database Section -->
	<uninstall>
		<sql>
			<file driver="mysql" charset="utf8">uninstall.sql</file>
		</sql>
	</uninstall>

	<!-- Custom Install Script to execute -->
	<installfile>install.phocasef.php</installfile>

	<!-- Custom Uninstall Script to execute -->
	<uninstallfile>uninstall.phocasef.php</uninstallfile>

	<!-- Site Main File Copy Section -->
	<files folder="front">
		<filename>index.html</filename>
	</files>

	<!-- Language -->
	<languages>
		<language tag="en-GB">language/en-GB/en-GB.com_phocasef.ini</language>
		<language tag="en-GB">language/en-GB/en-GB.com_phocasef.menu.ini</language>
	</languages>

	<!-- Administration -->
	<administration>
		<menu img="components/com_phocasef/assets/images/icon-16-menu.png" link="option=com_phocasef">Phoca SEF</menu>
		<submenu>
			<menu img="components/com_phocasef/assets/images/icon-16-control-panel.png" link="option=com_phocasef">Phoca Control Panel</menu>
			<menu img="components/com_phocasef/assets/images/icon-16-menu-red.png" link="option=com_phocasef&amp;view=phocasefurls">Phoca Redirect Site</menu>
			<menu img="components/com_phocasef/assets/images/icon-16-menu-ref.png" link="option=com_phocasef&amp;view=phocasefrefs">Phoca Referring Sites</menu>
			<menu img="components/com_phocasef/assets/images/icon-16-menu-info.png" link="option=com_phocasef&amp;view=phocainfo">Phoca Info</menu>
		</submenu>

		<!-- Administration Main File Copy Section -->
		<files>
			<filename>admin.phocasef.php</filename>
			<filename>config.xml</filename>
			<filename>controller.php</filename>
			<filename>index.html</filename>
			<filename>install.bak</filename>
			<filename>install.phocasef.php</filename>
			<filename>install.sql</filename>
			<filename>phocasef.xml</filename>
			<filename>uninstall.phocasef.php</filename>
			<filename>uninstall.sql</filename>
			<filename>assets/images/icon-16-control-panel.png</filename>
			<filename>assets/images/icon-16-menu-info.png</filename>
			<filename>assets/images/icon-16-menu-red.png</filename>
			<filename>assets/images/icon-16-menu-ref.png</filename>
			<filename>assets/images/icon-16-menu.png</filename>
			<filename>assets/images/icon-32-purge.png</filename>
			<filename>assets/images/icon-48-info.png</filename>
			<filename>assets/images/icon-48-phoca.png</filename>
			<filename>assets/images/icon-48-red.png</filename>
			<filename>assets/images/icon-48-ref.png</filename>
			<filename>assets/images/icon-phoca-logo.png</filename>
			<filename>assets/images/index.html</filename>
			<filename>assets/images/install.png</filename>
			<filename>assets/images/logo-phoca.png</filename>
			<filename>assets/images/logo.png</filename>
			<filename>assets/images/update.png</filename>
			<filename>assets/images/upgrade.png</filename>
			<filename>assets/index.html</filename>
			<filename>assets/phocasef.css</filename>
			<filename>controllers/index.html</filename>
			<filename>controllers/phocainstall.php</filename>
			<filename>controllers/phocasefrefs.php</filename>
			<filename>controllers/phocasefurls.php</filename>
			<filename>help/en-GB/css/help.css</filename>
			<filename>help/en-GB/css/index.html</filename>
			<filename>help/en-GB/index.html</filename>
			<filename>help/en-GB/screen.phocasef.html</filename>
			<filename>helpers/index.html</filename>
			<filename>helpers/phocacp.php</filename>
			<filename>helpers/phocasef.php</filename>
			<filename>models/index.html</filename>
			<filename>models/phocasefrefs.php</filename>
			<filename>models/phocasefurl.php</filename>
			<filename>models/phocasefurls.php</filename>
			<filename>tables/index.html</filename>
			<filename>tables/phocasefref.php</filename>
			<filename>tables/phocasefurl.php</filename>
			<filename>views/index.html</filename>
			<filename>views/phocacp/index.html</filename>
			<filename>views/phocacp/tmpl/default.php</filename>
			<filename>views/phocacp/tmpl/index.html</filename>
			<filename>views/phocacp/view.html.php</filename>
			<filename>views/phocainfo/index.html</filename>
			<filename>views/phocainfo/tmpl/default.php</filename>
			<filename>views/phocainfo/tmpl/index.html</filename>
			<filename>views/phocainfo/view.html.php</filename>
			<filename>views/phocasefrefs/index.html</filename>
			<filename>views/phocasefrefs/tmpl/default.php</filename>
			<filename>views/phocasefrefs/tmpl/index.html</filename>
			<filename>views/phocasefrefs/view.html.php</filename>
			<filename>views/phocasefurl/index.html</filename>
			<filename>views/phocasefurl/tmpl/form.php</filename>
			<filename>views/phocasefurl/tmpl/form_text.php</filename>
			<filename>views/phocasefurl/tmpl/index.html</filename>
			<filename>views/phocasefurl/view.html.php</filename>
			<filename>views/phocasefurls/index.html</filename>
			<filename>views/phocasefurls/tmpl/default.php</filename>
			<filename>views/phocasefurls/tmpl/index.html</filename>
			<filename>views/phocasefurls/view.html.php</filename>
		</files>

		<!-- Only Development - copy ./front, ./language, ./other to admin area -->
		<files>
			<filename>front/index.html</filename>
			<filename>language/en-GB/en-GB.com_phocasef.ini</filename>
			<filename>language/en-GB/en-GB.com_phocasef.menu.ini</filename>
			<filename>other/install_xml.php</filename>
		</files>

		<!-- Language -->
		<languages>
			<language tag="en-GB">language/en-GB/en-GB.com_phocasef.ini</language>
			<language tag="en-GB">language/en-GB/en-GB.com_phocasef.menu.ini</language>
		</languages>

	</administration>
</install>
